{
  "best_model": "LASSO",
  "metric_used": "RMSE",
  "metrics": {
    "RMSE": 0.6785882232314324,
    "MAE": 0.5275039102033386,
    "R2": 0.6348104476483956,
    "MAPE": 3.3421966598106296,
    "MSE": 0.4604819767083923,
    "Max_Error": 4.068414227413051,
    "Mean_Residual": -0.011620336745186692,
    "Std_Residual": 0.6784887209691262
  }
}