{
  "RIDGE": {
    "RMSE": 0.6788720825758573,
    "MAE": 0.5278483499447396,
    "R2": 0.6345048598270141,
    "MAPE": 3.3442973883783056,
    "MSE": 0.46086730450088154,
    "Max_Error": 4.073228437469151,
    "Mean_Residual": -0.01209775925689899,
    "Std_Residual": 0.6787642806761738
  },
  "LASSO": {
    "RMSE": 0.6785882232314324,
    "MAE": 0.5275039102033386,
    "R2": 0.6348104476483956,
    "MAPE": 3.3421966598106296,
    "MSE": 0.4604819767083923,
    "Max_Error": 4.068414227413051,
    "Mean_Residual": -0.011620336745186692,
    "Std_Residual": 0.6784887209691262
  }
}