{
  "RIDGE": {
    "RMSE": 0.6788720825758586,
    "MAE": 0.527848349944741,
    "R2": 0.6345048598270127,
    "MAPE": 3.3442973883783154,
    "MSE": 0.4608673045008834,
    "Max_Error": 4.073228437469162,
    "Mean_Residual": -0.012097759256899775,
    "Std_Residual": 0.6787642806761752
  },
  "LASSO": {
    "RMSE": 0.6785882232314323,
    "MAE": 0.5275039102033386,
    "R2": 0.6348104476483958,
    "MAPE": 3.3421966598106296,
    "MSE": 0.4604819767083922,
    "Max_Error": 4.068414227413051,
    "Mean_Residual": -0.011620336745186373,
    "Std_Residual": 0.6784887209691262
  }
}