{
  "model_name": "Lasso",
  "metrics": {
    "RMSE": 1.160142561324206,
    "MAE": 0.9680531355484626,
    "R2": -0.0003890508111110691,
    "MAPE": 6.153567688403039
  },
  "train_score": 0.0,
  "test_score": -0.0003890508111110691
}