{
  "model_name": "LASSO",
  "n_samples": 1397,
  "metrics": {
    "RMSE": 0.6785882232314324,
    "MAE": 0.5275039102033386,
    "R2": 0.6348104476483956,
    "MAPE": 3.3421966598106296,
    "MSE": 0.4604819767083923,
    "Max_Error": 4.068414227413051,
    "Mean_Residual": -0.011620336745186692,
    "Std_Residual": 0.6784887209691262
  },
  "residuals_stats": {
    "mean": -0.011620336745186692,
    "std": 0.6784887209691262,
    "min": -4.068414227413051,
    "max": 2.3470862086915716,
    "median": -0.0021301558155961686,
    "q25": -0.435551547518056,
    "q75": 0.4244555899478719
  },
  "predictions_stats": {
    "min": 13.545551262825427,
    "max": 17.751426703680266,
    "mean": 16.019816471319274,
    "std": 0.8991591916355484
  },
  "actual_stats": {
    "min": 13.0,
    "max": 18.62,
    "mean": 16.008196134574085,
    "std": 1.1233177981069236
  },
  "error_distribution": {
    "within_0_5": 796,
    "within_1_0": 1218,
    "within_1_5": 1363,
    "within_2_0": 1390
  }
}