{
  "n_models": 2,
  "models": [
    "RIDGE",
    "LASSO"
  ],
  "differences": {
    "RIDGE_vs_LASSO": {
      "mean_diff": 0.0004774225117134038,
      "std_diff": 0.010743793971025992,
      "max_diff": 0.06855895148535396,
      "correlation": 0.999928692205578,
      "agreement_within_0_5": 1397,
      "agreement_within_1_0": 1397
    }
  }
}