Model,RMSE,MAE,R2,MAPE
Ridge,0.8728835219240827,0.6938109367369737,0.43368404094884283,4.429602615835402
Lasso,1.160142561324206,0.9680531355484626,-0.0003890508111110691,6.153567688403039
