{
  "model_name": "Ridge",
  "metrics": {
    "RMSE": 0.8728835219240827,
    "MAE": 0.6938109367369737,
    "R2": 0.43368404094884283,
    "MAPE": 4.429602615835402
  },
  "train_score": 0.4145742531681993,
  "test_score": 0.43368404094884283
}