{
  "model_name": "RIDGE",
  "n_samples": 1397,
  "metrics": {
    "RMSE": 0.6788720825758573,
    "MAE": 0.5278483499447396,
    "R2": 0.6345048598270141,
    "MAPE": 3.3442973883783056,
    "MSE": 0.46086730450088154,
    "Max_Error": 4.073228437469151,
    "Mean_Residual": -0.01209775925689899,
    "Std_Residual": 0.6787642806761738
  },
  "residuals_stats": {
    "mean": -0.01209775925689899,
    "std": 0.6787642806761738,
    "min": -4.073228437469151,
    "max": 2.346057250245419,
    "median": -0.006439669062402231,
    "q25": -0.43499997843106897,
    "q75": 0.4242310612237965
  },
  "predictions_stats": {
    "min": 13.558684965338493,
    "max": 17.755350811051198,
    "mean": 16.020293893830985,
    "std": 0.8987340560361581
  },
  "actual_stats": {
    "min": 13.0,
    "max": 18.62,
    "mean": 16.008196134574085,
    "std": 1.1233177981069236
  },
  "error_distribution": {
    "within_0_5": 791,
    "within_1_0": 1218,
    "within_1_5": 1361,
    "within_2_0": 1390
  }
}